num__Age,num__Salary,cat__Department_Finance,cat__Department_HR,cat__Department_IT
-1.6431676725154984,-1.4922722879517702,0.0,1.0,0.0
0.0,-0.48624602641125114,1.0,0.0,0.0
0.5477225575051661,-0.2850407741031473,1.0,0.0,0.0
1.6431676725154984,1.525806496669787,1.0,0.0,0.0
0.0,1.0227933658995276,0.0,0.0,1.0
-0.5477225575051661,-0.2850407741031473,0.0,0.0,1.0
